,46,47,48,49,50,51
9,1.0,0.0,0.0,0.0,0.0,0.0
14,1.0,0.82,0.0,0.0,0.0,0.0
15,1.0,1.0,1.0,1.0,0.0,0.0
21,1.0,0.0,0.0,0.62,0.0,0.0
26,1.0,1.0,1.0,1.0,0.0,0.0
28,1.0,1.0,1.0,1.0,0.0,0.0
33,1.0,0.57,0.0,0.0,0.0,0.0
34,1.0,1.0,0.0,0.0,0.0,0.0
56,1.0,0.0,0.0,0.0,0.0,0.0
63,1.0,0.0,0.0,0.0,0.0,0.0
70,1.0,1.0,0.0,0.0,0.0,0.0
74,0.42,0.0,0.0,0.0,1.0,0.53
76,1.0,1.0,0.24,0.0,0.0,0.0
77,1.0,0.0,0.0,0.0,0.0,0.0
81,1.0,0.0,0.0,0.0,0.0,0.0
83,1.0,0.0,0.0,0.0,0.0,0.0
84,0.49,0.0,0.0,0.0,0.0,0.0
91,1.0,1.0,1.0,1.0,1.0,0.0
94,1.0,1.0,1.0,0.0,0.0,0.0
95,0.37,0.0,0.0,0.0,0.0,0.0
97,1.0,1.0,1.0,1.0,0.0,0.0
100,1.0,1.0,1.0,0.0,0.0,0.0
101,1.0,1.0,0.0,0.0,0.0,0.0
105,1.0,1.0,1.0,0.0,0.0,0.0
107,1.0,0.0,0.0,0.0,0.0,0.0
108,1.0,1.0,0.0,0.0,0.0,0.0
111,1.0,0.0,0.0,0.0,0.0,0.0
113,1.0,0.64,0.0,0.0,0.0,0.0
131,1.0,0.7,0.0,0.0,0.0,0.0
138,1.0,0.32,0.0,0.0,0.0,0.0
140,1.0,1.0,0.3,0.0,0.0,0.0
142,1.0,0.0,0.0,0.0,0.0,0.0
146,1.0,1.0,0.3,0.0,0.0,0.0
156,1.0,0.0,0.0,0.0,0.0,0.0
170,1.0,0.0,0.0,0.0,0.0,0.0
172,1.0,1.0,1.0,0.0,0.0,0.0
193,1.0,0.0,0.0,0.0,0.0,0.0
198,1.0,1.0,0.0,0.0,0.0,0.0
205,1.0,0.0,0.0,0.0,0.0,0.0
210,1.0,0.0,0.0,0.0,0.0,0.0
214,1.0,1.0,1.0,1.0,1.0,0.0
217,1.0,0.0,0.0,0.0,0.0,0.0
219,1.0,0.2,0.0,0.0,0.0,0.0
221,1.0,0.18,0.0,0.0,0.0,0.0
224,1.0,0.0,0.0,1.0,0.63,0.0
226,1.0,0.0,0.0,0.0,0.0,0.0
229,1.0,1.0,0.0,0.0,0.0,0.0
234,1.0,0.0,0.0,0.0,0.0,0.0
235,1.0,0.0,0.0,0.0,0.0,0.0
241,1.0,1.0,1.0,0.0,0.0,0.0
245,0.18,0.0,0.0,0.0,0.0,0.0
254,1.0,1.0,0.0,0.0,0.0,0.0
255,0.61,0.0,0.0,0.0,0.0,0.0
264,1.0,1.0,0.0,0.0,0.0,0.0
268,1.0,1.0,1.0,0.0,0.0,0.0
269,1.0,0.0,0.0,0.0,0.0,0.0
273,1.0,1.0,1.0,0.0,0.0,0.0
279,1.0,0.0,0.0,0.0,0.0,0.0
298,1.0,0.0,0.0,0.0,0.0,0.0
301,1.0,1.0,0.0,0.0,0.0,0.0
303,1.0,0.0,0.0,0.0,0.0,0.0
304,1.0,1.0,1.0,0.0,0.0,0.0
305,1.0,1.0,0.44,0.0,0.0,0.0
307,1.0,1.0,1.0,1.0,0.81,0.0
309,1.0,0.88,0.0,0.0,0.0,0.0
310,0.62,0.0,0.0,0.0,0.0,0.0
311,1.0,0.76,0.0,0.0,0.0,0.0
313,1.0,1.0,0.0,0.0,0.0,0.0
314,0.49,0.0,0.0,0.0,0.0,0.0
315,1.0,0.0,0.0,0.0,0.0,0.0
316,1.0,1.0,0.0,0.0,0.0,0.0
317,1.0,0.0,0.0,0.0,0.0,0.0
318,1.0,1.0,1.0,0.0,0.0,0.0
319,1.0,1.0,1.0,1.0,0.0,0.0
321,1.0,1.0,1.0,0.0,0.0,0.0
322,1.0,0.0,0.0,0.0,0.0,0.0
323,1.0,0.0,0.0,0.0,0.0,0.0
324,1.0,0.38,0.0,0.0,0.0,0.0
325,1.0,1.0,0.0,0.0,0.0,0.0
326,1.0,1.0,0.0,0.0,0.0,0.0
328,1.0,1.0,0.0,0.0,0.0,0.0
331,1.0,1.0,0.0,0.0,0.0,0.0
332,1.0,0.0,0.0,0.0,0.0,0.0
334,1.0,0.82,0.0,0.0,0.0,0.0
335,1.0,0.0,0.0,0.0,0.0,0.0
336,1.0,1.0,1.0,0.0,0.0,0.0
337,1.0,0.0,0.0,0.0,0.0,0.0
338,1.0,0.0,0.0,0.0,0.0,0.0
341,1.0,1.0,0.0,0.0,0.0,0.0
342,1.0,0.0,0.0,0.0,0.0,0.0
343,1.0,1.0,0.0,0.0,0.0,0.0
344,1.0,1.0,0.0,0.0,0.0,0.0
345,1.0,1.0,1.0,0.55,0.0,0.0
346,1.0,0.76,0.0,0.0,0.0,0.0
348,1.0,1.0,0.62,0.0,0.0,0.0
349,1.0,1.0,1.0,0.0,0.0,0.0
351,1.0,0.0,0.0,0.0,0.0,0.0
352,1.0,1.0,0.7,0.0,0.0,0.0
353,1.0,0.0,0.0,0.0,0.0,0.0
356,1.0,0.38,0.0,0.0,0.0,0.0
358,1.0,1.0,1.0,0.0,0.0,0.0
359,1.0,1.0,1.0,0.3,0.0,0.0
360,1.0,1.0,1.0,0.0,0.0,0.0
361,1.0,1.0,1.0,0.0,0.0,0.0
362,1.0,0.0,0.0,0.0,0.0,0.0
363,1.0,1.0,0.0,0.0,0.0,0.0
366,1.0,0.7,0.0,0.0,0.0,0.0
367,1.0,0.0,0.0,0.0,0.0,0.0
368,1.0,0.76,0.0,0.0,0.0,0.0
385,1.0,0.0,0.0,0.0,0.0,0.0
390,1.0,1.0,0.62,0.0,0.0,0.0
395,1.0,1.0,1.0,0.3,0.0,0.0
396,1.0,1.0,0.44,0.0,0.0,0.0
399,1.0,0.0,0.0,0.0,0.0,0.0
404,1.0,1.0,1.0,0.68,0.0,0.0
405,1.0,1.0,1.0,1.0,0.0,0.0
406,1.0,0.0,0.0,0.0,0.0,0.0
407,1.0,1.0,0.18,0.0,0.0,0.0
419,1.0,1.0,0.0,0.0,0.0,0.0
435,1.0,1.0,1.0,0.0,0.0,0.0
440,1.0,0.0,0.0,0.0,0.0,0.0
449,1.0,1.0,0.62,0.0,0.0,0.0
450,1.0,1.0,1.0,0.0,0.0,0.0
451,1.0,0.0,0.0,0.0,0.0,0.0
452,1.0,1.0,1.0,0.0,0.0,0.0
453,1.0,1.0,1.0,1.0,0.0,0.0
454,1.0,0.12,0.0,0.0,0.0,0.0
455,1.0,1.0,0.56,0.0,0.0,0.0
456,1.0,0.38,0.0,0.0,0.0,0.0
457,1.0,0.38,0.0,0.0,0.0,0.0
458,1.0,0.0,0.0,0.0,0.0,0.0
459,1.0,1.0,0.0,0.0,0.0,0.0
460,1.0,1.0,0.75,0.0,0.0,0.0
461,0.87,0.0,0.0,0.0,0.0,0.0
462,1.0,1.0,0.0,0.0,0.0,0.0
463,1.0,1.0,1.0,0.0,0.0,0.0
464,1.0,1.0,1.0,0.43,0.0,0.0
465,1.0,1.0,1.0,0.0,0.0,0.0
466,1.0,0.0,0.0,0.0,0.0,0.0
467,1.0,0.0,0.0,0.0,0.0,0.0
468,0.18,0.0,0.0,0.0,0.0,0.0
469,1.0,1.0,0.0,0.0,0.0,0.0
470,1.0,1.0,1.0,0.0,0.0,0.0
471,1.0,1.0,0.0,0.0,0.0,0.0
472,1.0,1.0,1.0,0.74,0.0,0.0
473,1.0,1.0,1.0,1.0,0.0,0.0
474,1.0,1.0,0.0,0.0,0.0,0.0
475,1.0,0.0,0.0,0.0,0.0,0.0
476,1.0,1.0,0.3,0.0,0.0,0.0
477,1.0,1.0,0.0,0.0,0.0,0.0
478,1.0,1.0,1.0,1.0,0.0,0.0
479,1.0,1.0,1.0,0.61,0.0,0.0
480,1.0,1.0,0.0,0.0,0.0,0.0
481,0.12,0.0,0.0,0.0,0.0,0.0
482,1.0,0.0,0.0,0.0,0.0,0.0
483,1.0,0.0,0.0,0.0,0.0,0.0
484,1.0,1.0,0.0,0.0,0.0,0.0
485,1.0,0.0,0.0,0.0,0.0,0.0
487,1.0,1.0,1.0,1.0,0.75,0.0
488,1.0,0.64,0.0,0.0,0.0,0.0
489,1.0,1.0,1.0,0.0,0.0,0.0
490,1.0,1.0,1.0,1.0,0.0,0.0
491,1.0,0.26,0.0,0.0,0.0,1.0
492,1.0,0.0,0.0,0.0,0.0,0.0
493,1.0,1.0,0.0,0.0,0.0,0.0
494,1.0,1.0,1.0,1.0,0.0,0.0
495,1.0,1.0,0.0,0.0,0.0,0.0
496,1.0,1.0,1.0,0.0,0.0,0.0
497,0.88,0.0,0.0,0.0,0.0,0.0
498,1.0,0.0,1.0,1.0,0.0,0.0
499,1.0,1.0,1.0,0.0,0.0,0.0
500,1.0,1.0,1.0,0.0,0.0,0.0
501,1.0,0.0,0.0,0.0,0.0,0.0
502,1.0,1.0,1.0,1.0,1.0,0.0
503,1.0,1.0,1.0,0.0,0.0,0.0
504,1.0,1.0,1.0,1.0,0.0,0.0
505,1.0,1.0,1.0,0.0,0.0,0.0
506,1.0,1.0,1.0,0.0,0.0,0.0
508,1.0,1.0,0.75,0.0,0.0,0.0
509,1.0,0.0,0.0,0.0,0.0,0.0
510,1.0,1.0,0.0,0.0,0.0,0.0
511,1.0,1.0,1.0,0.0,0.0,0.0
512,1.0,0.0,0.0,0.0,0.0,0.0
513,1.0,1.0,1.0,0.3,0.0,0.0
514,1.0,1.0,1.0,1.0,0.88,0.0
515,1.0,1.0,0.0,0.0,0.0,0.0
516,1.0,1.0,1.0,0.0,0.0,0.0
517,1.0,0.0,0.0,0.0,0.0,0.0
518,1.0,1.0,0.0,0.0,0.0,0.0
519,1.0,1.0,1.0,1.0,0.5,0.0
520,1.0,1.0,1.0,0.8,0.0,0.0
521,1.0,0.76,0.0,0.0,0.0,0.0
522,1.0,1.0,1.0,0.3,0.0,0.0
523,0.94,0.0,0.0,0.0,0.0,0.0
524,1.0,1.0,0.0,0.0,0.0,0.0
525,1.0,0.0,0.0,0.0,0.0,0.0
526,1.0,1.0,1.0,0.18,0.0,0.0
527,1.0,0.0,0.0,0.0,0.0,0.0
542,1.0,1.0,1.0,1.0,0.0,0.0
543,1.0,0.76,0.0,0.0,0.0,0.0
551,0.88,1.0,0.0,0.0,0.0,0.0
797,0.82,1.0,0.68,0.0,0.0,0.0
801,0.82,1.0,1.0,0.0,0.0,0.0
806,0.63,1.0,1.0,1.0,1.0,0.0
809,0.58,0.0,0.0,0.0,0.0,0.0
817,0.51,1.0,0.0,0.0,0.0,0.0
820,0.51,1.0,1.0,0.39,0.0,0.0
823,0.39,1.0,1.0,0.0,0.0,0.0
824,0.38,0.88,0.0,0.0,0.0,0.0
1059,0.13,1.0,0.0,0.0,0.0,0.0
1065,0.12,1.0,1.0,1.0,0.0,0.0
1071,0.06,1.0,1.0,1.0,1.0,0.85
151,0.0,1.0,1.0,0.32,0.0,0.0
330,0.0,1.0,1.0,0.0,0.0,0.0
350,0.0,1.0,1.0,1.0,0.0,0.0
1103,0.0,1.0,1.0,1.0,0.0,0.0
1104,0.0,1.0,1.0,1.0,0.57,0.0
1105,0.0,1.0,0.56,0.0,0.0,0.0
1106,0.0,1.0,1.0,0.0,0.0,0.0
1108,0.0,1.0,1.0,1.0,0.06,0.0
1109,0.0,1.0,1.0,1.0,1.0,1.0
1110,0.0,1.0,1.0,1.0,0.0,0.0
1111,0.0,1.0,1.0,1.0,1.0,0.0
1112,0.0,1.0,1.0,1.0,0.0,0.0
1113,0.0,1.0,1.0,0.61,0.0,0.0
1114,0.0,1.0,1.0,0.0,0.0,0.0
1115,0.0,1.0,1.0,0.0,0.0,0.0
1116,0.0,1.0,0.0,0.0,0.0,0.0
1117,0.0,1.0,1.0,1.0,0.0,0.0
1118,0.0,1.0,1.0,0.13,0.0,0.0
1119,0.0,1.0,1.0,1.0,1.0,0.0
1120,0.0,1.0,1.0,1.0,1.0,0.0
1121,0.0,1.0,0.56,0.0,0.0,0.0
1122,0.0,1.0,1.0,1.0,1.0,1.0
1123,0.0,1.0,1.0,1.0,0.0,0.0
1124,0.0,1.0,1.0,1.0,1.0,0.0
1125,0.0,1.0,1.0,1.0,0.75,0.0
1126,0.0,1.0,1.0,0.62,0.0,0.0
1127,0.0,1.0,1.0,1.0,0.0,0.0
1128,0.0,1.0,0.0,0.0,0.0,0.0
1129,0.0,1.0,1.0,1.0,1.0,0.0
1130,0.0,1.0,1.0,0.0,0.0,0.0
1131,0.0,1.0,1.0,1.0,0.63,0.0
1132,0.0,1.0,0.0,0.0,0.0,0.0
1133,0.0,1.0,1.0,1.0,0.0,0.0
1134,0.0,1.0,0.0,0.0,0.0,0.0
1135,0.0,1.0,0.88,1.0,1.0,0.0
1136,0.0,1.0,0.0,0.0,0.0,0.0
1137,0.0,1.0,1.0,1.0,1.0,0.0
1138,0.0,1.0,1.0,1.0,1.0,1.0
1139,0.0,1.0,1.0,1.0,1.0,1.0
1140,0.0,0.88,0.0,0.0,0.0,0.0
1141,0.0,1.0,1.0,1.0,0.0,0.0
1142,0.0,1.0,1.0,1.0,1.0,1.0
1143,0.0,1.0,1.0,0.0,0.0,0.0
1144,0.0,1.0,1.0,0.0,0.0,0.0
1145,0.0,1.0,1.0,0.43,0.0,0.0
1146,0.0,1.0,0.0,0.0,0.0,0.0
1147,0.0,1.0,1.0,1.0,1.0,0.0
1148,0.0,1.0,0.0,0.0,0.0,0.0
1150,0.0,1.0,1.0,0.13,0.0,0.0
1151,0.0,0.88,0.0,0.0,0.0,0.0
1152,0.0,1.0,0.88,0.0,0.0,0.0
1153,0.0,1.0,1.0,1.0,0.0,0.0
1154,0.0,1.0,0.0,0.0,0.0,0.0
1155,0.0,1.0,1.0,0.0,0.0,0.0
1156,0.0,1.0,1.0,1.0,1.0,0.0
1157,0.0,1.0,0.0,0.0,0.0,0.0
1158,0.0,1.0,1.0,0.0,0.0,0.0
1159,0.0,1.0,1.0,1.0,1.0,1.0
1160,0.0,1.0,0.0,0.0,0.0,0.0
1233,0.0,0.94,1.0,0.0,0.0,0.0
1267,0.0,0.8,1.0,0.0,0.0,0.0
1279,0.0,0.74,1.0,1.0,1.0,1.0
1288,0.0,0.62,1.0,1.0,0.81,0.0
1289,0.0,0.62,1.0,0.49,0.0,0.0
1293,0.0,0.62,1.0,1.0,0.0,0.0
1294,0.0,0.62,1.0,0.0,0.0,0.0
1295,0.0,0.62,1.0,1.0,1.0,1.0
1318,0.0,0.43,1.0,1.0,0.57,0.0
1321,0.0,0.36,0.0,0.0,0.0,0.0
1336,0.0,0.3,1.0,0.0,0.0,0.0
1337,0.0,0.3,1.0,1.0,1.0,1.0
1338,0.0,0.3,0.0,0.0,0.0,0.0
1343,0.0,0.24,1.0,0.0,0.0,0.0
1344,0.0,0.24,0.0,0.0,0.0,0.0
1345,0.0,0.24,1.0,1.0,1.0,0.0
1346,0.0,0.24,1.0,1.0,1.0,0.67
1352,0.0,0.18,0.0,0.0,0.0,0.0
3828,0.0,0.12,1.0,1.0,0.5,0.0
3829,0.0,0.12,1.0,1.0,0.0,0.0
3830,0.0,0.12,1.0,1.0,1.0,0.0
3833,0.0,0.12,1.0,0.62,0.0,0.0
3865,0.0,0.06,1.0,1.0,0.31,0.0
724,0.0,0.0,1.0,0.0,1.0,0.59
3867,0.0,0.0,1.0,1.0,1.0,1.0
3868,0.0,0.0,0.75,0.0,0.0,0.0
3869,0.0,0.0,1.0,0.0,0.0,0.0
3870,0.0,0.0,1.0,0.0,0.0,0.0
3871,0.0,0.0,1.0,0.0,0.0,0.0
3872,0.0,0.0,1.0,1.0,1.0,1.0
3873,0.0,0.0,1.0,0.0,0.0,0.0
3874,0.0,0.0,1.0,0.0,0.0,0.0
3875,0.0,0.0,1.0,1.0,1.0,0.0
3876,0.0,0.0,1.0,1.0,1.0,1.0
3877,0.0,0.0,1.0,1.0,1.0,1.0
3878,0.0,0.0,1.0,1.0,1.0,0.0
3879,0.0,0.0,1.0,1.0,0.0,0.0
3880,0.0,0.0,1.0,1.0,1.0,1.0
3881,0.0,0.0,1.0,1.0,0.0,0.0
3882,0.0,0.0,1.0,1.0,1.0,1.0
3883,0.0,0.0,1.0,0.0,0.94,0.0
3884,0.0,0.0,1.0,0.2,0.0,0.0
3885,0.0,0.0,1.0,1.0,1.0,1.0
3886,0.0,0.0,1.0,1.0,1.0,0.0
3887,0.0,0.0,1.0,1.0,1.0,1.0
3888,0.0,0.0,1.0,1.0,1.0,0.0
3889,0.0,0.0,1.0,0.49,0.0,0.0
3890,0.0,0.0,1.0,1.0,1.0,1.0
3891,0.0,0.0,1.0,1.0,0.0,0.0
3892,0.0,0.0,1.0,1.0,0.0,0.0
3893,0.0,0.0,1.0,0.0,0.0,0.0
3894,0.0,0.0,1.0,0.0,0.0,0.0
3895,0.0,0.0,1.0,1.0,1.0,1.0
3896,0.0,0.0,1.0,0.18,0.0,0.0
3897,0.0,0.0,1.0,1.0,1.0,1.0
3898,0.0,0.0,1.0,1.0,1.0,0.94
3899,0.0,0.0,1.0,1.0,1.0,1.0
3900,0.0,0.0,1.0,0.57,0.0,0.0
3901,0.0,0.0,1.0,1.0,1.0,1.0
3902,0.0,0.0,1.0,1.0,0.88,0.0
3903,0.0,0.0,1.0,0.0,0.0,0.0
3904,0.0,0.0,1.0,1.0,0.63,0.0
3905,0.0,0.0,1.0,0.0,0.38,0.0
3906,0.0,0.0,1.0,0.0,0.0,0.0
3907,0.0,0.0,1.0,1.0,1.0,0.0
3908,0.0,0.0,1.0,0.88,0.0,0.0
3909,0.0,0.0,1.0,0.0,0.0,0.0
3910,0.0,0.0,1.0,1.0,1.0,1.0
3911,0.0,0.0,1.0,1.0,0.0,0.0
3912,0.0,0.0,1.0,1.0,1.0,1.0
3913,0.0,0.0,1.0,0.0,0.0,0.0
3922,0.0,0.0,1.0,0.74,0.0,0.0
3923,0.0,0.0,1.0,1.0,1.0,1.0
3924,0.0,0.0,1.0,1.0,0.0,0.0
3931,0.0,0.0,1.0,1.0,1.0,0.0
3999,0.0,0.0,0.82,0.0,0.0,1.0
4001,0.0,0.0,0.76,0.0,0.0,0.0
4007,0.0,0.0,0.7,1.0,0.0,0.0
4008,0.0,0.0,0.7,1.0,1.0,1.0
4014,0.0,0.0,0.56,0.0,0.0,0.0
4018,0.0,0.0,0.56,1.0,1.0,0.0
4024,0.0,0.0,0.32,0.0,0.0,0.0
4025,0.0,0.0,0.44,1.0,1.0,1.0
4027,0.0,0.0,0.44,0.0,0.0,0.0
4030,0.0,0.0,0.38,1.0,1.0,1.0
4031,0.0,0.0,0.38,1.0,0.5,0.0
4032,0.0,0.0,0.38,1.0,1.0,0.27
4036,0.0,0.0,0.32,1.0,1.0,0.79
4040,0.0,0.0,0.25,1.0,1.0,1.0
4041,0.0,0.0,0.25,0.0,0.0,0.0
4042,0.0,0.0,0.25,1.0,1.0,0.0
4045,0.0,0.0,0.12,1.0,1.0,0.0
4046,0.0,0.0,0.12,1.0,1.0,1.0
4047,0.0,0.0,0.12,0.0,0.0,0.0
173,0.0,0.0,0.0,1.0,1.0,0.0
354,0.0,0.0,0.0,1.0,1.0,0.0
4048,0.0,0.0,0.0,1.0,0.0,0.0
4049,0.0,0.0,0.0,1.0,1.0,1.0
4050,0.0,0.0,0.0,1.0,0.0,0.0
4051,0.0,0.0,0.0,1.0,1.0,1.0
4052,0.0,0.0,0.0,1.0,1.0,1.0
4053,0.0,0.0,0.0,1.0,1.0,1.0
4054,0.0,0.0,0.0,1.0,1.0,0.14
4056,0.0,0.0,0.0,1.0,0.88,0.0
4057,0.0,0.0,0.0,1.0,1.0,1.0
4058,0.0,0.0,0.0,1.0,1.0,1.0
4059,0.0,0.0,0.0,1.0,1.0,1.0
4060,0.0,0.0,0.0,1.0,1.0,1.0
4061,0.0,0.0,0.0,1.0,1.0,0.0
4063,0.0,0.0,0.0,1.0,1.0,1.0
4065,0.0,0.0,0.0,1.0,1.0,1.0
4066,0.0,0.0,0.0,1.0,1.0,0.0
4067,0.0,0.0,0.0,1.0,1.0,0.0
4069,0.0,0.0,0.0,1.0,1.0,1.0
4070,0.0,0.0,0.0,1.0,1.0,1.0
4071,0.0,0.0,0.0,1.0,0.44,0.0
4072,0.0,0.0,0.0,1.0,1.0,1.0
4073,0.0,0.0,0.0,1.0,1.0,0.0
4074,0.0,0.0,0.0,1.0,1.0,1.0
4075,0.0,0.0,0.0,1.0,0.0,0.0
4076,0.0,0.0,0.0,1.0,1.0,0.0
4077,0.0,0.0,0.0,1.0,1.0,1.0
4079,0.0,0.0,0.0,1.0,1.0,0.0
4081,0.0,0.0,0.0,1.0,0.0,0.0
4082,0.0,0.0,0.0,1.0,1.0,0.0
4083,0.0,0.0,0.0,1.0,1.0,1.0
4084,0.0,0.0,0.0,1.0,1.0,0.0
4085,0.0,0.0,0.0,1.0,1.0,0.0
4086,0.0,0.0,0.0,1.0,0.57,0.0
4087,0.0,0.0,0.0,1.0,1.0,1.0
4089,0.0,0.0,0.0,1.0,0.0,1.0
4090,0.0,0.0,0.0,1.0,1.0,1.0
4091,0.0,0.0,0.0,1.0,1.0,0.41
4092,0.0,0.0,0.0,0.49,0.0,0.0
4093,0.0,0.0,0.0,1.0,1.0,1.0
4094,0.0,0.0,0.0,1.0,1.0,1.0
4095,0.0,0.0,0.0,1.0,1.0,0.66
4096,0.0,0.0,0.0,1.0,1.0,1.0
4097,0.0,0.0,0.0,1.0,1.0,1.0
4098,0.0,0.0,0.0,1.0,1.0,1.0
4099,0.0,0.0,0.0,1.0,0.0,0.0
4100,0.0,0.0,0.0,1.0,1.0,0.85
4101,0.0,0.0,0.0,1.0,1.0,1.0
4102,0.0,0.0,0.0,1.0,1.0,1.0
4103,0.0,0.0,0.0,1.0,1.0,0.0
4104,0.0,0.0,0.0,1.0,0.0,0.0
4105,0.0,0.0,0.0,0.8,0.0,0.0
4106,0.0,0.0,0.0,1.0,1.0,0.0
4107,0.0,0.0,0.0,1.0,0.38,0.0
4108,0.0,0.0,0.0,1.0,1.0,0.53
4109,0.0,0.0,0.0,1.0,1.0,1.0
4110,0.0,0.0,0.0,1.0,1.0,0.0
4111,0.0,0.0,0.0,0.43,0.0,0.0
4113,0.0,0.0,0.0,1.0,1.0,0.0
4114,0.0,0.0,0.0,1.0,1.0,0.0
4115,0.0,0.0,0.0,1.0,0.57,0.0
4116,0.0,0.0,0.0,1.0,1.0,1.0
4117,0.0,0.0,0.0,1.0,0.0,0.0
4118,0.0,0.0,0.0,1.0,1.0,1.0
4120,0.0,0.0,0.0,1.0,1.0,1.0
4121,0.0,0.0,0.0,1.0,1.0,1.0
4122,0.0,0.0,0.0,1.0,0.0,0.0
4123,0.0,0.0,0.0,0.87,0.69,1.0
4124,0.0,0.0,0.0,0.82,1.0,0.8
4125,0.0,0.0,0.0,0.76,1.0,1.0
4126,0.0,0.0,0.0,0.76,0.0,0.0
4128,0.0,0.0,0.0,0.7,0.37,1.0
4129,0.0,0.0,0.0,0.7,1.0,1.0
4130,0.0,0.0,0.0,0.7,1.0,1.0
4131,0.0,0.0,0.0,0.7,1.0,1.0
4134,0.0,0.0,0.0,0.57,1.0,1.0
4135,0.0,0.0,0.0,0.57,1.0,0.0
4136,0.0,0.0,0.0,0.51,0.0,0.0
4137,0.0,0.0,0.0,0.51,1.0,0.0
4138,0.0,0.0,0.0,0.51,1.0,0.0
4140,0.0,0.0,0.0,0.45,1.0,0.0
4141,0.0,0.0,0.0,0.39,1.0,1.0
4142,0.0,0.0,0.0,0.38,1.0,1.0
4143,0.0,0.0,0.0,0.38,0.87,0.0
4144,0.0,0.0,0.0,0.38,1.0,1.0
4146,0.0,0.0,0.0,0.26,0.56,1.0
4147,0.0,0.0,0.0,0.26,0.0,0.0
4148,0.0,0.0,0.0,0.2,0.0,0.0
4149,0.0,0.0,0.0,0.12,0.63,0.0
4154,0.0,0.0,0.0,0.0,1.0,1.0
4155,0.0,0.0,0.0,0.0,1.0,0.0
4156,0.0,0.0,0.0,0.0,1.0,1.0
4157,0.0,0.0,0.0,0.0,1.0,0.15
4158,0.0,0.0,0.0,0.0,1.0,1.0
4159,0.0,0.0,0.0,0.0,1.0,0.0
4160,0.0,0.0,0.0,0.0,1.0,1.0
4161,0.0,0.0,0.0,0.0,1.0,1.0
4162,0.0,0.0,0.0,0.0,1.0,1.0
4163,0.0,0.0,0.0,0.0,1.0,1.0
4164,0.0,0.0,0.0,0.0,1.0,1.0
4165,0.0,0.0,0.0,0.0,1.0,0.0
4166,0.0,0.0,0.0,0.0,1.0,1.0
4167,0.0,0.0,0.0,0.0,1.0,1.0
4168,0.0,0.0,0.0,0.0,1.0,1.0
4169,0.0,0.0,0.0,0.0,1.0,1.0
4170,0.0,0.0,0.0,0.0,1.0,0.4
4172,0.0,0.0,0.0,0.0,1.0,0.0
4173,0.0,0.0,0.0,0.0,1.0,1.0
4174,0.0,0.0,0.0,0.0,1.0,1.0
4175,0.0,0.0,0.0,0.0,1.0,1.0
4176,0.0,0.0,0.0,0.0,1.0,0.59
4177,0.0,0.0,0.0,0.0,1.0,1.0
4178,0.0,0.0,0.0,0.0,1.0,0.0
4179,0.0,0.0,0.0,0.0,1.0,1.0
4180,0.0,0.0,0.0,0.0,1.0,0.0
4181,0.0,0.0,0.0,0.0,1.0,0.0
4182,0.0,0.0,0.0,0.0,1.0,0.0
4183,0.0,0.0,0.0,0.0,1.0,0.0
4184,0.0,0.0,0.0,0.0,1.0,1.0
4185,0.0,0.0,0.0,0.0,0.5,0.0
4186,0.0,0.0,0.0,0.0,1.0,0.0
4187,0.0,0.0,0.0,0.0,1.0,0.0
4188,0.0,0.0,0.0,0.0,1.0,0.67
4189,0.0,0.0,0.0,0.0,1.0,0.0
4190,0.0,0.0,0.0,0.0,1.0,1.0
4191,0.0,0.0,0.0,0.0,1.0,0.0
4192,0.0,0.0,0.0,0.0,0.5,0.0
4193,0.0,0.0,0.0,0.0,1.0,1.0
4194,0.0,0.0,0.0,0.0,1.0,1.0
4195,0.0,0.0,0.0,0.0,1.0,1.0
4196,0.0,0.0,0.0,0.0,0.57,0.0
4197,0.0,0.0,0.0,0.0,1.0,1.0
4198,0.0,0.0,0.0,0.0,1.0,1.0
4199,0.0,0.0,0.0,0.0,1.0,1.0
4200,0.0,0.0,0.0,0.0,1.0,0.0
4201,0.0,0.0,0.0,0.0,1.0,1.0
4202,0.0,0.0,0.0,0.0,1.0,1.0
4203,0.0,0.0,0.0,0.0,1.0,1.0
4208,0.0,0.0,0.0,0.0,1.0,1.0
4209,0.0,0.0,0.0,0.0,1.0,0.0
4212,0.0,0.0,0.0,0.0,0.62,0.0
4213,0.0,0.0,0.0,0.0,0.62,1.0
4214,0.0,0.0,0.0,0.0,0.5,1.0
4215,0.0,0.0,0.0,0.0,0.5,0.0
4216,0.0,0.0,0.0,0.0,0.5,1.0
4217,0.0,0.0,0.0,0.0,0.5,1.0
4218,0.0,0.0,0.0,0.0,0.5,1.0
4219,0.0,0.0,0.0,0.0,0.43,1.0
4220,0.0,0.0,0.0,0.0,0.43,1.0
4221,0.0,0.0,0.0,0.0,0.43,1.0
4222,0.0,0.0,0.0,0.0,0.43,1.0
4223,0.0,0.0,0.0,0.0,0.43,1.0
4224,0.0,0.0,0.0,0.0,0.37,1.0
4225,0.0,0.0,0.0,0.0,0.37,1.0
4226,0.0,0.0,0.0,0.0,0.37,0.0
4227,0.0,0.0,0.0,0.0,0.25,0.0
4228,0.0,0.0,0.0,0.0,0.25,1.0
4229,0.0,0.0,0.0,0.0,0.19,1.0
4230,0.0,0.0,0.0,0.0,0.19,1.0
4232,0.0,0.0,0.0,0.0,0.13,0.0
4234,0.0,0.0,0.0,0.0,0.12,1.0
4236,0.0,0.0,0.0,0.0,0.12,1.0
4245,0.0,0.0,0.0,0.0,0.0,1.0
4246,0.0,0.0,0.0,0.0,0.0,1.0
4247,0.0,0.0,0.0,0.0,0.0,1.0
4248,0.0,0.0,0.0,0.0,0.0,1.0
4249,0.0,0.0,0.0,0.0,0.0,1.0
4250,0.0,0.0,0.0,0.0,0.0,1.0
4251,0.0,0.0,0.0,0.0,0.0,1.0
4252,0.0,0.0,0.0,0.0,0.0,1.0
4253,0.0,0.0,0.0,0.0,0.0,1.0
4254,0.0,0.0,0.0,0.0,0.0,1.0
4255,0.0,0.0,0.0,0.0,0.0,1.0
4256,0.0,0.0,0.0,0.0,0.0,1.0
4257,0.0,0.0,0.0,0.0,0.0,1.0
4258,0.0,0.0,0.0,0.0,0.0,1.0
4259,0.0,0.0,0.0,0.0,0.0,1.0
4260,0.0,0.0,0.0,0.0,0.0,1.0
4261,0.0,0.0,0.0,0.0,0.0,0.94
4262,0.0,0.0,0.0,0.0,0.0,1.0
4263,0.0,0.0,0.0,0.0,0.0,1.0
4264,0.0,0.0,0.0,0.0,0.0,0.06
4265,0.0,0.0,0.0,0.0,0.0,1.0
4266,0.0,0.0,0.0,0.0,0.0,1.0
4267,0.0,0.0,0.0,0.0,0.0,1.0
4268,0.0,0.0,0.0,0.0,0.0,1.0
4270,0.0,0.0,0.0,0.0,0.0,1.0
4271,0.0,0.0,0.0,0.0,0.0,1.0
4272,0.0,0.0,0.0,0.0,0.0,1.0
4273,0.0,0.0,0.0,0.0,0.0,1.0
4274,0.0,0.0,0.0,0.0,0.0,1.0
4275,0.0,0.0,0.0,0.0,0.0,1.0
4276,0.0,0.0,0.0,0.0,0.0,1.0
4277,0.0,0.0,0.0,0.0,0.0,1.0
4278,0.0,0.0,0.0,0.0,0.0,1.0
4279,0.0,0.0,0.0,0.0,0.0,1.0
4280,0.0,0.0,0.0,0.0,0.0,1.0
4281,0.0,0.0,0.0,0.0,0.0,1.0
4282,0.0,0.0,0.0,0.0,0.0,1.0
4283,0.0,0.0,0.0,0.0,0.0,1.0
4284,0.0,0.0,0.0,0.0,0.0,1.0
4285,0.0,0.0,0.0,0.0,0.0,1.0
4286,0.0,0.0,0.0,0.0,0.0,1.0
4287,0.0,0.0,0.0,0.0,0.0,1.0
4288,0.0,0.0,0.0,0.0,0.0,1.0
4289,0.0,0.0,0.0,0.0,0.0,1.0
4290,0.0,0.0,0.0,0.0,0.0,1.0
4292,0.0,0.0,0.0,0.0,0.0,1.0
4293,0.0,0.0,0.0,0.0,0.0,1.0
4294,0.0,0.0,0.0,0.0,0.0,1.0
4295,0.0,0.0,0.0,0.0,0.0,1.0
4296,0.0,0.0,0.0,0.0,0.0,1.0
4297,0.0,0.0,0.0,0.0,0.0,1.0
4298,0.0,0.0,0.0,0.0,0.0,1.0
4299,0.0,0.0,0.0,0.0,0.0,1.0
4300,0.0,0.0,0.0,0.0,0.0,1.0
4301,0.0,0.0,0.0,0.0,0.0,1.0
4304,0.0,0.0,0.0,0.0,0.0,1.0
4305,0.0,0.0,0.0,0.0,0.0,1.0
4307,0.0,0.0,0.0,0.0,0.0,1.0
4308,0.0,0.0,0.0,0.0,0.0,1.0
4310,0.0,0.0,0.0,0.0,0.0,1.0
4311,0.0,0.0,0.0,0.0,0.0,1.0
4312,0.0,0.0,0.0,0.0,0.0,1.0
4313,0.0,0.0,0.0,0.0,0.0,1.0
4314,0.0,0.0,0.0,0.0,0.0,1.0
4315,0.0,0.0,0.0,0.0,0.0,1.0
4317,0.0,0.0,0.0,0.0,0.0,0.94
4318,0.0,0.0,0.0,0.0,0.0,0.73
4319,0.0,0.0,0.0,0.0,0.0,0.6
4320,0.0,0.0,0.0,0.0,0.0,0.59
4323,0.0,0.0,0.0,0.0,0.0,0.47
4324,0.0,0.0,0.0,0.0,0.0,0.47
4326,0.0,0.0,0.0,0.0,0.0,0.41
4327,0.0,0.0,0.0,0.0,0.0,0.41
4328,0.0,0.0,0.0,0.0,0.0,0.34
4329,0.0,0.0,0.0,0.0,0.0,0.33
4330,0.0,0.0,0.0,0.0,0.0,0.33
4331,0.0,0.0,0.0,0.0,0.0,0.21
4333,0.0,0.0,0.0,0.0,0.0,0.15
4334,0.0,0.0,0.0,0.0,0.0,0.06
4335,0.0,0.0,0.0,0.0,0.0,0.06
